{
  "CLASS_NAME"            : "ExDialogLayoutConfig",
  "width"                 : 410,
  "height"                : 405,
  "x"                     : -1,
  "y"                     : -1,
  "bgNormalPath"          : "bg.9.png",
  "bgColor"               : "",
  "visibile"              : true,
  "logoImageViewConfig"   : {
    "CLASS_NAME"            : "ImageViewConfig",
    "src"                   : "jc_logo.png",
    "width"                 : 80,
    "height"                : 45,
    "bgNormalPath"          : "jc_logo.png",
    "topMargin"             : 24,
    "leftMargin"            : 24,
    "visibile"              : true
  },
  "titleConfig"           : {
    "CLASS_NAME"            : "TextConfig",
    "textColor"             : "#ffffff",
    "textSize"              : 24,
    "width"                 : 100,
    "height"                : 45,
    "topMargin"             : 33,
    "leftMargin"            : 115,
    "visibile"              : true
  },
  "tipsConfig"            : {
    "CLASS_NAME"            : "TextConfig",
    "visibile"              : true
  },
  "leftButtonConfig"      : {
    "CLASS_NAME"            : "ButtonConfig",
    "textColor"             : "#ffffffff",
    "text"                  : "继续游戏",
    "textSize"              : 24,
    "width"                 : 190,
    "height"                : 60,
    "bgNormalPath"          : "btn_black.9.png",
    "bgFocusPath"           : "btn_black_press.9.png",
    "topMargin"             : 200,
    "leftMargin"            : 10,
    "visibile"              : true
  },
  "rightButtonConfig"     : {
    "CLASS_NAME"            : "ButtonConfig",
    "textColor"             : "#ffffffff",
    "text"                  : "退出游戏",
    "textSize"              : 24,
    "width"                 : 190,
    "height"                : 60,
    "bgNormalPath"          : "btn_orange.9.png",
    "bgFocusPath"           : "btn_orange_press.9.png",
    "topMargin"             : 200,
    "leftMargin"            : 210,
    "visibile"              : true
  },
  "closeButtonConfig"     : {
    "CLASS_NAME"            : "ButtonConfig",
    "visibile"              : true
  },
  "exContentLayoutConfig" : {
    "CLASS_NAME"            : "LinearLayoutConfig",
    "width"                 : 400,
    "height"                : 150,
    "topMargin"             : 90,
    "leftMargin"            : 20,
    "rightMargin"           : 20,
    "visibile"              : true
  }
}
