{
  "logoImageViewConfig"  : { },
  "titleConfig"          : {
    "text"                 : "<font color='#a0a0a0'>|<\/font> 注册手游吧账号"
  },
  "tipsConfig"           : {
    "text"                 : "仅需一步,即可完成！"
  },
  "inputWidgetOneConfig" : {
    "labelTextViewConfig"  : {
      "visibile"             : false
    },
    "inputEditTextConfig"  : { },
    "rightButtonConfig"    : { },
    "visibile"             : false
  },
  "inputWidgetTwoConfig" : {
    "labelTextViewConfig"  : {
      "visibile"             : false
    },
    "inputEditTextConfig"  : {
      "hint"                 : "请输入密码",
      "inputType"            : 144
    },
    "rightButtonConfig"    : { },
    "rightLabelTextViewConfig" :{
    	"visibile"	       : false
    }
  },
  "buttonConfig"         : {
    "text"                 : "完成注册"
  },
  "registerConfig"       : {
    "bottomMargin"         : 12
  },
  "licenseConfig"        : {
    "textColor"            : "#a0a0a0",
    "textPressColor"       : "#ffffff",
    "text"                 : "注册即同意《手游吧服务条款》",
    "textSize"             : 18,
    "width"                : 100,
    "height"               : 40,
    "leftMargin"           : 24,
    "bottomMargin"         : 12,
    "visibile"             : true
  },
  "height"               : 365,
  "parent"               : "register"
}
