<?xml version="1.0" encoding="UTF-8"?><tree><directory name="AHorizontal333"><directory name="user"><directory name="js"/></directory><directory name="jars"/><directory name="secrecy"/><directory name="conf"><file name="toast_btnpress.9.png"/><file name="ucExpanded.png"/><file name="float_button.json"/><file name="toast_bg.9.png"/><file name="float_menu.json"/><file name="bottom_menu.json"/><file name="tb_ui_config.json"/><file name="ucIcon.png"/><directory name="widgetconf"><file name="exbannerDialog.json"/><file name="registerSuccess.json"/><file name="updatePassword.json"/><file name="extextDialog.json"/><file name="exbbsDialog.json"/><file name="registerPassword.json"/><file name="exDialog.json"/><file name="noticeDialog.json"/><file name="captcha.json"/><file name="launcher.json"/><file name="phoneLogin.json"/><file name="register.json"/><file name="updateGameDialog.json"/><file name="ucLogin.json"/></directory><file name="slideLeftB.png"/><file name="slideLeftA.png"/><file name="slideRightB.png"/><file name="toast_btn.9.png"/><file name="slideRightA.png"/><file name="float_menu_params.json"/><file name="ucNormalIcon.png"/></directory><directory name="general"><directory name="js"/></directory><directory name="codecenter"/><directory name="pay"><directory name="css"/><directory name="images"/><directory name="js"/></directory><directory name="bbs"/><directory name="feedback"/><directory name="common"><directory name="css"/><directory name="sdk_images"/><directory name="js"/></directory><directory name="widget"><directory name="images"><file name="floater_hide_tips_01.png"/></directory></directory><directory name="game"><directory name="js"/></directory></directory><directory name="AHorizontalForTY"><directory name="user"><directory name="js"/></directory><directory name="jars"/><directory name="secrecy"/><directory name="conf"><file name="ucExpanded.png"/><file name="icon_home.png"/><file name="float_button.json"/><file name="uc_systemConfig.json"/><file name="float_menu.json"/><file name="bottom_menu.json"/><file name="tb_ui_config.json"/><file name="ucIcon.png"/><directory name="widgetconf"><file name="exbannerDialog.json"/><file name="registerSuccess.json"/><file name="updatePassword.json"/><file name="extextDialog.json"/><file name="exbbsDialog.json"/><file name="registerPassword.json"/><file name="exDialog.json"/><file name="noticeDialog.json"/><file name="captcha.json"/><file name="launcher.json"/><file name="phoneLogin.json"/><file name="register.json"/><file name="updateGameDialog.json"/><file name="ucLogin.json"/></directory><file name="icon_home_press.png"/><file name="float_menu_params.json"/><file name="ucNormalIcon.png"/></directory><directory name="general"><directory name="js"/></directory><directory name="codecenter"/><directory name="pay"><directory name="css"/><directory name="images"/><directory name="js"/></directory><directory name="bbs"/><directory name="feedback"/><directory name="common"><directory name="css"/><directory name="sdk_images"/><directory name="js"/></directory><directory name="widget"><directory name="images"><file name="floater_hide_tips_01.png"/></directory></directory><directory name="game"><directory name="js"/></directory></directory><directory name="AHorizontalForALIYUN"><directory name="user"><directory name="js"/></directory><directory name="jars"/><directory name="secrecy"/><directory name="general"><directory name="js"/></directory><directory name="codecenter"/><directory name="pay"><directory name="css"/><directory name="images"/><directory name="js"/></directory><directory name="bbs"/><directory name="feedback"/><directory name="common"><directory name="css"/><directory name="sdk_images"/><directory name="js"/></directory><directory name="game"><directory name="js"/></directory></directory><directory name="AHorizontalForSG"><directory name="user"><directory name="js"/></directory><directory name="jars"/><directory name="secrecy"/><directory name="conf"><file name="ucExpanded.png"/><file name="float_button.json"/><file name="uc_systemConfig.json"/><file name="float_menu.json"/><file name="bottom_menu.json"/><file name="tb_ui_config.json"/><file name="ucIcon.png"/><directory name="widgetconf"><file name="exbannerDialog.json"/><file name="registerSuccess.json"/><file name="updatePassword.json"/><file name="extextDialog.json"/><file name="exbbsDialog.json"/><file name="registerPassword.json"/><file name="exDialog.json"/><file name="noticeDialog.json"/><file name="captcha.json"/><file name="launcher.json"/><file name="phoneLogin.json"/><file name="register.json"/><file name="updateGameDialog.json"/><file name="ucLogin.json"/></directory><file name="business_setting.json"/><file name="float_menu_params.json"/><file name="ucNormalIcon.png"/></directory><directory name="general"><directory name="js"/></directory><directory name="codecenter"/><directory name="pay"><directory name="css"/><directory name="images"/><directory name="js"/></directory><directory name="bbs"/><directory name="feedback"/><directory name="common"><directory name="css"/><directory name="sdk_images"/><directory name="js"/></directory><directory name="widget"><directory name="images"><file name="init_logo.png"/><file name="floater_hide_tips_01.png"/></directory></directory><directory name="game"><directory name="js"/></directory></directory><directory name="AHorizontalForSYB2"><directory name="user"><directory name="js"/></directory><directory name="jars"/><directory name="secrecy"/><directory name="conf"><file name="ucExpanded.png"/><file name="icon_home.png"/><file name="float_button.json"/><file name="uc_systemConfig.json"/><file name="float_menu.json"/><file name="bottom_menu.json"/><file name="tb_ui_config.json"/><file name="ucIcon.png"/><directory name="widgetconf"><file name="registerSuccess.json"/><file name="updatePassword.json"/><file name="extextDialog.json"/><file name="exbbsDialog.json"/><file name="registerPassword.json"/><file name="exDialog.json"/><file name="noticeDialog.json"/><file name="captcha.json"/><file name="launcher.json"/><file name="phoneLogin.json"/><file name="register.json"/><file name="updateGameDialog.json"/><file name="ucLogin.json"/></directory><file name="icon_home_press.png"/><file name="float_menu_params.json"/><file name="ucNormalIcon.png"/></directory><directory name="general"><directory name="js"/></directory><directory name="codecenter"/><directory name="pay"><directory name="css"/><directory name="images"/><directory name="js"/></directory><directory name="bbs"/><directory name="feedback"/><directory name="common"><directory name="css"/><directory name="sdk_images"/><directory name="js"/></directory><directory name="widget"><directory name="images"><file name="jc_logo.png"/><file name="floater_hide_tips_01.png"/></directory></directory><directory name="game"><directory name="js"/></directory></directory><directory name="common"><directory name="user"><file name="user.html"/><directory name="js"><file name="userRoute.js"/><file name="user.js"/></directory><file name="user_landscape.html"/></directory><directory name="jars"><file name="core.jar"/><file name="lib.jar"/><file name="update.jar"/><file name="entry.xml"/></directory><directory name="secrecy"><file name="secrecy.html"/></directory><directory name="conf"><file name="accountBottomSelected.png"/><file name="strategy.png"/><file name="icon_gift_press.png"/><file name="gift.png"/><file name="loading_logo.png"/><file name="floatMenuLeftBackground.9.png"/><file name="icon_download_press.png"/><file name="help.png"/><file name="icon_account_press.png"/><file name="accountBottom.png"/><file name="float_menu_left_xh.9.png"/><file name="float_hide_bg.9.png"/><file name="tips_button.9.png"/><file name="icon_message_press.png"/><file name="strategyBottomSelected.png"/><file name="tipsBackgroundSelected.9.png"/><file name="icon_message.png"/><file name="icon_account.png"/><file name="tips_button_press.9.png"/><file name="strategyBottom.png"/><file name="account.png"/><file name="floatMenuBackground.png"/><file name="icon_download.png"/><file name="loading_bg.9.png"/><file name="float_menu_background_left.9.png"/><file name="icon_help.png"/><file name="icon_hidden_press.png"/><file name="icon_forum.png"/><file name="forum.png"/><file name="orient_change.ini"/><file name="icon_raiders.png"/><file name="float_menu_left_m.9.png"/><file name="helpBottomSelected.png"/><file name="selectedBackgroundIcon.9.png"/><file name="float_menu_right_xxh.9.png"/><file name="float_hide_normal.png"/><file name="float_menu_right_xh.9.png"/><file name="float_menu_right_m.9.png"/><file name="fourmBottomSelected.png"/><directory name="widgetconf"><file name="phoneLoginNoHistory.json"/><file name="updateGameByDownloadManager.json"/><file name="updateGameByBroswer.json"/><file name="updateGameException.json"/><file name="phoneLoginWithHistory.json"/><file name="updateGameNewVersion.json"/><file name="phoneLoginCatpcha.json"/><file name="updateGameDownloadSucc.json"/><file name="updateGameDialog.json"/><file name="updateGameCacheSucc.json"/><file name="updateGameUpdateLater.json"/></directory><file name="icon_forum_press.png"/><file name="giftBottomSelected.png"/><file name="icon_help_press.png"/><file name="tipsBackground.9.png"/><file name="tipsGameIcon.png"/><file name="icon_raiders_press.png"/><file name="icon_prepay_press.png"/><file name="fourmBottom.png"/><file name="float_menu_background_right.9.png"/><file name="floatMenuRightBackground.9.png"/><file name="icon_prepay.png"/><file name="icon_screenshot.png"/><file name="advConfig.json"/><file name="loading_circle.png"/><file name="giftBottom.png"/><file name="icon_gift.png"/><file name="float_menu_left_h.9.png"/><file name="tipsClose.png"/><file name="float_button_flash.png"/><file name="t_bg.9.png"/><file name="float_menu_left_xxh.9.png"/><file name="icon_hidden.png"/><file name="helpBottom.png"/><file name="float_menu_right_h.9.png"/><file name="bottomSelectedIcon.9.png"/><file name="icon_screenshot_press.png"/><file name="tipsCloseActive.png"/><file name="float_hide_acitve.png"/><file name="hidden.png"/></directory><directory name="general"><directory name="js"><file name="general.js"/></directory></directory><directory name="codecenter"><file name="codecenter.html"/></directory><directory name="pay"><directory name="css"><file name="style.css"/></directory><directory name="images"><file name="guide_2_w.png"/><file name="bank_none.png"/><file name="9game.png"/><file name="guide_btn.png"/><file name="wait.gif"/><file name="state-ico.png"/><file name="guide_2.png"/><file name="trumpet.png"/><file name="ico.png"/><file name="loading.png"/><file name="guide_3_w.png"/><file name="loading.gif"/><file name="guide_3.png"/><file name="select.png"/><file name="pay.png"/><file name="pay-angle.png"/><file name="guide_1.png"/></directory><directory name="js"><file name="underscore.min.js"/><file name="aes.min.js"/><file name="security.js"/><file name="zepto.min.js"/><file name="localstore.js"/><file name="rsa.min.js"/><file name="backbone.min.js"/><file name="sdkBase.min.js"/><file name="util.js"/></directory><file name="start.html"/><file name="start.js"/></directory><directory name="bbs"><file name="bbs.html"/></directory><directory name="feedback"><file name="feedback.html"/></directory><directory name="common"><directory name="css"><file name="ln_login.css"/><file name="base.css"/><file name="sui.css"/><file name="style_sdk.css"/></directory><directory name="sdk_images"><file name="ceedit.png"/><file name="9game.png"/><file name="bg.gif"/><file name="ico_error.png"/><file name="dk.png"/><file name="vip.png"/><file name="captcha_press.png"/><file name="vip-icon.png"/><file name="tx-grey-male.jpg"/><file name="vip-grade-1.png"/><file name="ar_l.png"/><file name="onico.png"/><file name="bt_icon.png"/><file name="my_account.png"/><file name="ceyj.png"/><file name="float_head_icon_close_press.png"/><file name="ico_mobile_q.png"/><file name="at.png"/><file name="exp.png"/><file name="icon_email_dis.png"/><file name="icon_phone.png"/><file name="svip_1.png"/><file name="mo.png"/><file name="zf.png"/><file name="cecz.png"/><file name="icon_email.png"/><file name="float_btn_orange.9.png"/><file name="btn-states.png"/><file name="jc_logo.png"/><file name="icon_password.png"/><file name="float_bg.9.png"/><file name="ico.png"/><file name="cenh.png"/><file name="scroll.9.png"/><file name="back.png"/><file name="auto_login.png"/><file name="logo.png"/><file name="dkl.png"/><file name="icon_password_dis.png"/><file name="btn_succ.png"/><file name="ud.png"/><file name="tx-998.jpg"/><file name="stgy.png"/><file name="ceab.png"/><file name="btn_error.png"/><file name="ar_l_2.png"/><file name="bbsico.png"/><file name="safe.png"/><file name="float_btn_white_press.9.png"/><file name="captcha.png"/><file name="float_btn_orange_press.9.png"/><file name="vip-default.png"/><file name="float_head_icon_close.png"/><file name="ico_mobile.png"/><file name="icon_phone_dis.png"/><file name="svip_2.png"/><file name="tx-999.jpg"/><file name="icon.png"/><file name="check_sprites.png"/><file name="yes.png"/><file name="heart.png"/><file name="coupon.png"/><file name="float_btn_white.9.png"/><file name="vip-gray.png"/><file name="chv.png"/><file name="bbs.png"/><file name="u_ico.png"/></directory><directory name="js"><file name="sdkBase.js"/><file name="common.js"/><file name="ucRoute.js"/><file name="ucf.js"/><file name="template.js"/><file name="environment.js"/></directory></directory><directory name="widget"><directory name="images"><file name="gift.png"/><file name="floater_hide_tips_03.png"/><file name="refreshing.png"/><file name="init_vertical_logo.png"/><file name="qq.png"/><file name="loginup_icon_arrow.png"/><file name="init_traverse_logo.png"/><file name="btn_black_press.9.png"/><file name="dialog_bg.9.png"/><file name="btn_white_press.9.png"/><file name="taobao.png"/><file name="safe_1.png"/><file name="bg.9.png"/><file name="btn_black.9.png"/><file name="loginup_bg.9.png"/><file name="input_bg.9.png"/><file name="tips_bg.9.png"/><file name="uc.png"/><file name="scroll.9.png"/><file name="forum.png"/><file name="phone.png"/><file name="icon_check.png"/><file name="safe_2.png"/><file name="safe_3.png"/><file name="logo.png"/><file name="init_loading_light.png"/><file name="input_btn_bg.9.png"/><file name="del_user.9.png"/><file name="refresh.png"/><file name="btn_white.9.png"/><file name="cur_user.png"/><file name="down_succ.png"/><file name="adv_default_img.png"/><file name="alipay.png"/><file name="popup_bg.9.png"/><file name="icon_check_press.png"/><file name="btn_exdialog_close.png"/><file name="init_loading_dark.png"/><file name="input_icon_Arrow.9.png"/><file name="phone_none.png"/><file name="floater_hide_tips_02.png"/><file name="cancel.png"/><file name="init_bg.png"/><file name="btn_orange_press.9.png"/><file name="btn_orange.9.png"/><file name="sina.png"/><file name="floater_hide_tips_01.png"/></directory></directory><directory name="game"><directory name="js"><file name="gameRoute.js"/><file name="game.js"/></directory><file name="game.html"/></directory></directory><directory name="AHorizontalFor4399"><directory name="user"><directory name="js"/></directory><directory name="jars"/><directory name="secrecy"/><directory name="conf"><file name="ucExpanded.png"/><file name="float_button.json"/><file name="uc_systemConfig.json"/><file name="float_menu.json"/><file name="bottom_menu.json"/><file name="tb_ui_config.json"/><file name="icon_game_press.png"/><file name="ucIcon.png"/><directory name="widgetconf"><file name="launcher.json"/><file name="updateGameDialog.json"/></directory><file name="icon_game.png"/><file name="business_setting.json"/><file name="float_menu_params.json"/><file name="ucNormalIcon.png"/></directory><directory name="general"><directory name="js"/></directory><directory name="codecenter"/><directory name="pay"><directory name="css"/><directory name="images"/><directory name="js"/></directory><directory name="bbs"/><directory name="feedback"/><directory name="common"><directory name="css"/><directory name="sdk_images"/><directory name="js"/></directory><directory name="widget"><directory name="images"><file name="init_logo.png"/></directory></directory><directory name="game"><directory name="js"/></directory></directory><directory name="AHorizontalForPJ"><directory name="user"><directory name="js"/></directory><directory name="jars"/><directory name="secrecy"/><directory name="conf"><file name="ucExpanded.png"/><file name="icon_home.png"/><file name="icon_guild_press.png"/><file name="float_button.json"/><file name="uc_systemConfig.json"/><file name="float_menu.json"/><file name="icon_lottery_press.png"/><file name="icon_guild.png"/><file name="bottom_menu.json"/><file name="tb_ui_config.json"/><file name="ucIcon.png"/><directory name="widgetconf"><file name="exbannerDialog.json"/><file name="registerSuccess.json"/><file name="updatePassword.json"/><file name="extextDialog.json"/><file name="exbbsDialog.json"/><file name="registerPassword.json"/><file name="exDialog.json"/><file name="noticeDialog.json"/><file name="captcha.json"/><file name="launcher.json"/><file name="phoneLogin.json"/><file name="register.json"/><file name="updateGameDialog.json"/><file name="ucLogin.json"/></directory><file name="icon_lottery.png"/><file name="icon_home_press.png"/><file name="business_setting.json"/><file name="float_menu_params.json"/><file name="ucNormalIcon.png"/></directory><directory name="general"><directory name="js"/></directory><directory name="codecenter"/><directory name="pay"><directory name="css"/><directory name="images"/><directory name="js"/></directory><directory name="bbs"/><directory name="feedback"/><directory name="common"><directory name="css"/><directory name="sdk_images"/><directory name="js"/></directory><directory name="widget"><directory name="images"><file name="floater_hide_tips_01.png"/></directory></directory><directory name="game"><directory name="js"/></directory></directory></tree>