{
    "comments":"从3.4.6版本开始使用float_menu_params.json代替float_menu.json，float_menu.json只起到过度作用，在以后版本作废",
    
    "floatMenuBackgroundImageLeft":"conf/float_menu_left",
    "floatMenuBackgroundImageRight":"conf/float_menu_right",  
    "width":-2,
    "menuItems":[
        {
            "marginLeft":9,
            "marginRight":9,
            "defaultIcon":"conf/icon_account.png",
            "selectedIcon":"conf/icon_account_press.png",
            "title":"账户",
            "titleFontSize":10,
            "defaultFontColor":-1,
            "action":{
                "business":"user_center",
                "menuStat":"A_float_account_b"
            },
            "bubble":{
                "borderColor":0xFFFF0000,
                "backgroundColor":0xFFFF0000,
                "fontColor":-1,
                "fontSize":10,
                "service":""
            }
        },
        {
            "marginLeft":9,
            "marginRight":9,
            "defaultIcon":"conf/icon_gift.png",
            "selectedIcon":"conf/icon_gift_press.png",
            "title":"礼包",
            "titleFontSize":10,
            "defaultFontColor":-1,
            "action":{
                "business":"codecenter",
                "menuStat":"A_float_codecenter_b"
            },
            "bubble":{
                "borderColor":0xFFFF0000,
                "backgroundColor":0xFFFF0000,
                "fontColor":-1,
                "fontSize":10,
                "service":""
            }
        },
        {
            "marginLeft":9,
            "marginRight":9,
            "defaultIcon":"conf/icon_forum.png",
            "selectedIcon":"conf/icon_forum_press.png",
            "title":"论坛",
            "titleFontSize":10,
            "defaultFontColor":-1,
            "action":{
                "business":"bbs",
                "menuStat":"A_float_bbs_b"
            },
            "bubble":{
                "borderColor":0xFFFF0000,
                "backgroundColor":0xFFFF0000,
                "fontColor":-1,
                "fontSize":10,
                "service":""
            }
        },
        {
            "marginLeft":9,
            "marginRight":9,
            "defaultIcon":"conf/icon_guild.png",
            "selectedIcon":"conf/icon_guild_press.png",
            "title":"公会",
            "titleFontSize":10,
            "defaultFontColor":-1,
            "action":{
                "business":"strategy",
                "menuStat":"A_float_strategy_b"
            },
            "bubble":{
                "borderColor":0xFFFF0000,
                "backgroundColor":0xFFFF0000,
                "fontColor":-1,
                "fontSize":10,
                "service":""
            }
        },
        {
            "marginLeft":9,
            "marginRight":9,
            "defaultIcon":"conf/icon_lottery.png",
            "selectedIcon":"conf/icon_lottery_press.png",
            "title":"抽奖",
            "titleFontSize":10,
            "defaultFontColor":-1,
            "action":{
                "business":"feedback",
                "menuStat":"A_float_feedback_b"
            },
            "bubble":{
                "borderColor":0xFFFF0000,
                "backgroundColor":0xFFFF0000,
                "fontColor":-1,
                "fontSize":10,
                "service":""
            }
        }
   
    ]
}