{
    "comments":"从3.4.6版本开始使用float_menu_params.json代替float_menu.json，float_menu.json只起到过度作用，在以后版本作废",
    
    "floatMenuBackgroundImageLeft":"conf/float_menu_left",
    "floatMenuBackgroundImageRight":"conf/float_menu_right",  
    "width":-2,
    "menuItems":[
        {
            "marginLeft":10,
            "marginRight":10,
            "defaultIcon":"conf/account.png",
            "selectedBackgroundIcon":"conf/selectedBackgroundIcon.9.png",
            "title":"账号",
            "titleFontSize":10,
            "defaultFontColor":-1,
            "action":{
                "business":"user_center",
                "menuStat":"A_float_account_b"
            },
            "bubble":{
                "borderColor":0xFFFF0000,
                "backgroundColor":0xFFFF0000,
                "fontColor":-1,
                "fontSize":10,
                "service":""
            }
        },
        {
			"marginLeft":9,                              
			"marginRight":9,                                 
			"defaultIcon":"conf/icon_game.png",                  
			"selectedIcon":"conf/icon_game_press.png",
			"title":"游戏圈",                               
			"titleFontSize":10,                           
			"defaultFontColor":-1,                
			"action":{			                          
			     "business":"game_cycle",
				 "menuStat":"st_4399_circle_float_c"					 
			},
			"bubble":{                                    
				"borderColor":0xFFFF0000,                   
			    "backgroundColor":0xFFFF0000,                
			    "fontColor":-1,                     
			    "fontSize":10,	
				"service":""  
			}
		}
    ]
}