{
  "logoImageViewConfig"  : { },
  "titleConfig"          : {
    "text"                 : "账号注册"
  },
  "tipsConfig"           : {
    "text"                 : "仅需一步,即可完成！"
  },
  "inputWidgetOneConfig"     : {
      "labelTextViewConfig"      : {
        "textColor"                : "#000000",
        "text"                     : "账号:",
        "textSize"                 : 24,
        "width"                    : 85,
        "height"                   : 60,
        "topMargin"                : 158,
        "leftMargin"               : 24
      },
      "rightLabelTextViewConfig" : {
        "visibile"                 : false
      },
      "inputEditTextConfig"      : {
        "enabled"                  : true,
        "hint"                 : "6～15位"
      },
      "rightButtonConfig"        : { }
    },
    "inputWidgetTwoConfig"     : {
      "labelTextViewConfig"      : {
        "textColor"                : "#000000",
        "text"                     : "密码:",
        "textSize"                 : 24,
        "width"                    : 85,
        "height"                   : 60,
        "topMargin"                : 158,
        "leftMargin"               : 24
      },
      "rightLabelTextViewConfig" : {
        "visibile"                 : false
      },
      "inputEditTextConfig"      : {
          "enabled"                  : true,
          "hint"                 : "6～30位"
      },
      "rightButtonConfig"        : { }
    },
  "buttonConfig"         : {
    "text"                 : "完成注册"
  },
  "registerConfig"       : {
    "bottomMargin"         : 12
  },
  "licenseConfig"        : {
    "textColor"            : "#a0a0a0",
    "textPressColor"       : "#ffffff",
    "text"                 : "注册即同意《账号服务条款》",
    "textSize"             : 18,
    "width"                : 100,
    "height"               : 40,
    "leftMargin"           : 24,
    "bottomMargin"         : 12,
    "visibile"             : false
  },
  "height"               : 390,
  "parent"               : "register"
}
