{
  "height"                   : 330,
  "logoImageViewConfig"      : { },
  "titleConfig"              : {
    "text"                     : "注册成功"
  },
  "tipsConfig"               : {
    "visibile"                 : false
  },
  "inputWidgetOneConfig"     : {
    "labelTextViewConfig"      : {
      "textColor"                : "#000000",
      "text"                     : "账号:",
      "textSize"                 : 24,
      "width"                    : 85,
      "height"                   : 60,
      "topMargin"                : 158,
      "leftMargin"               : 24
    },
    "rightLabelTextViewConfig" : {
      "visibile"                 : false
    },
    "inputEditTextConfig"      : {
      "enabled"                  : false
    },
    "rightButtonConfig"        : { }
  },
  "inputWidgetTwoConfig"     : {
    "labelTextViewConfig"      : {
      "textColor"                : "#000000",
      "text"                     : "密码:",
      "textSize"                 : 24,
      "width"                    : 85,
      "height"                   : 60,
      "topMargin"                : 158,
      "leftMargin"               : 24
    },
    "rightLabelTextViewConfig" : {
      "visibile"                 : false
    },
    "inputEditTextConfig"      : {
      "enabled"                  : false
    },
    "rightButtonConfig"        : { }
  },
  "buttonConfig"             : {
    "text"                     : "进入游戏",
    "topMargin"                : 230
  },
  "registerConfig"           : {
    "visibile"                 : false
  },
  "licenseConfig"            : { },
  "sendSmsConfig"            : {
     "textColor"                : "#a0a0a0",
     "textPressColor"           : "#ffffff",
     "text"                     : "将用您的手机发送验证短信",
     "textSize"                 : 18,
     "width"                    : 100,
     "height"                   : 40,
     "leftMargin"               : 24,
     "bottomMargin"             : 12,
     "visibile"                 : false
  },
  "parent"                   : "register"
}
