{
  "CLASS_NAME"            : "UpdateGameDialogConfig",
  "width"                 : 450,
  "height"                : -2,
  "bgNormalPath"          : "popup_bg.9.png",
  "visibile"              : true,
  "bottomPadding"         : 10,
  "logoConfig"            : {
    "CLASS_NAME"            : "ImageViewConfig",
    "src"                   : "logo.png",
    "width"                 : 80,
    "height"                : 45,
    "bgNormalPath"          : "logo.png",
    "topMargin"             : 12,
    "leftMargin"            : 24,
    "visibile"              : true
  },
  "titleConfig"           : {
    "CLASS_NAME"            : "TextConfig",
    "textColor"             : "#ffffff",
    "text"                  : "发现新版本",
    "textSize"              : 24,
    "width"                 : -2,
    "height"                : 45,
    "topMargin"             : 12,
    "leftMargin"            : 5,
    "visibile"              : true
  },
  "exContentLayoutConfig" : {
    "CLASS_NAME"            : "ExContentConfig",
    "width"                 : -1,
    "height"                : 118,
    "topMargin"             : 12,
    "leftMargin"            : 28,
    "rightMargin"           : 28,
    "visibile"              : true
  },
  "mainBtnConfig"         : {
    "CLASS_NAME"            : "ButtonConfig",
    "textColor"             : "#ffffffff",
    "text"                  : "立即更新",
    "textSize"              : 24,
    "width"                 : -1,
    "height"                : 60,
    "bgNormalPath"          : "btn_orange.9.png",
    "bgFocusPath"           : "btn_orange_press.9.png",
    "topMargin"             : 6,
    "leftMargin"            : 5,
    "rightMargin"           : 5,
    "visibile"              : true
  },
  "assistBtnConfig"       : {
    "CLASS_NAME"            : "ButtonConfig",
    "textColor"             : "#ffffffff",
    "text"                  : "立即更新",
    "textSize"              : 24,
    "width"                 : -1,
    "height"                : 60,
    "bgNormalPath"          : "btn_orange.9.png",
    "bgFocusPath"           : "btn_orange_press.9.png",
    "topMargin"             : 6,
    "leftMargin"            : 5,
    "rightMargin"           : 5,
    "visibile"              : false
  },
  "closeBtnConfig"        : {
    "CLASS_NAME"            : "ButtonConfig",
    "text"                  : "",
    "icon"                  : "btn_exdialog_close.png",
    "width"                 : 18,
    "height"                : 18,
    "rightMargin"           : 24,
    "leftMargin"	    : 24,
    "visibile"              : true
  },
  "progressBarConfig"     : {
    "CLASS_NAME"            : "ProgressBarConfig",
    "backgroundColor"       : "#20ffffff",
    "progressColor"         : "#fe8800",
    "width"                 : 408,
    "height"                : 3,
    "topMargin"             : 65,
    "bottomMargin"          : 12,
    "visibile"              : false
  }
}
