﻿<?xml version="1.0" encoding="UTF-8"?>

<project nbr="AHorizontalFor4399" enable="true" packTime="201410231402" resFlag="SSJJ">
	<node nbr="common" ver="130902114255" entry=""/>
	<node nbr="general" ver="130629144038" entry=""/>
	<node nbr="game" ver="130829164920" entry="game.html"/>
	<node nbr="pay"  ver="130716142151" entry="start.html"/>
	<node nbr="user" ver="130902145231" entry="user.html"/>
	<node nbr="bbs" ver="130627193320" entry="bbs.html"/>
	<node nbr="feedback" ver="130528182436" entry="feedback.html"/>
	<node nbr="conf" ver="140126180924" entry=""/>
	<node nbr="secrecy" ver="130528182651" entry="secrecy.html" />
    <node nbr="vip" ver="130131105551" entry="http://vip.9game.cn/member/sdkOpen" />
	<node nbr="codecenter" ver="130829194828" entry="codecenter.html"/>
	<node nbr="jars" ver="140126181025" entry=""/>
	<node nbr="widget" ver="131225194332" entry=""/>
	
	<node nbr="game_cycle_node" ver="130829164920" entry="http://m.4399api.com/openapi/uc-modalUrl.html?page=group"/>
	<clientapi apiName="user_center" entryNodeNbr="user" hash="#!user"/>
	<clientapi apiName="game_cycle" entryNodeNbr="game_cycle_node" hash="" />
	
	<clientapi apiName="login" entryNodeNbr="user" hash="" />
	<clientapi apiName="pay" entryNodeNbr="pay" hash="" />
	<clientapi apiName="update_pwd" entryNodeNbr="user" hash="#!user/updatePassword/true"/>
	<clientapi apiName="login_game" entryNodeNbr="user" hash="#!sso/oldAcc"/>
	<clientapi apiName="register" entryNodeNbr="user" hash="#!user/register"/>
	<clientapi apiName="alpha_code" entryNodeNbr="game" hash="#!game/validCode/"/>
	<clientapi apiName="game_not_open" entryNodeNbr="game" hash="#!game/notOpen"/>
	<clientapi apiName="agreement" entryNodeNbr="user" hash="#!user/agreement"/>
	<clientapi apiName="forget_pwd" entryNodeNbr="jars" hash="" />
	<clientapi apiName="strategy" entryNodeNbr="general" hash="" />
</project>

<project nbr="AHorizontalForPJ" enable="true" packTime="201405301655" resFlag="PJ">
    <node nbr="common" ver="140403135610" entry=""/>
	<node nbr="general" ver="130629144038" entry="http://gh.paojiao.com"/>
	<node nbr="game" ver="130829164920" entry="game.html"/>
	<node nbr="pay"  ver="130716142151" entry="start.html"/>
	<node nbr="user" ver="130902145231" entry="user.html"/>
	<node nbr="bbs" ver="130627193320" entry="http://bbs.paojiao.com/"/>
	<node nbr="feedback" ver="130528182436" entry="http://uc.paojiao.cn/wap/luckDraw/activityInfo.html"/>
	<node nbr="conf" ver="140126180924" entry=""/>
	<node nbr="secrecy" ver="130528182651" entry="secrecy.html" />
    <node nbr="vip" ver="130131105551" entry="http://vip.9game.cn/member/sdkOpen" />
	<node nbr="codecenter" ver="130829194828" entry="http://paojiao.com/gift/gamelist.html"/>
	<node nbr="jars" ver="140126181025" entry="http://uc.paojiao.cn/wap/user/findPassword.html"/>
	<node nbr="widget" ver="131225194332" entry="http://uc.paojiao.cn/wap/index.do"/>
		
	<clientapi apiName="login" entryNodeNbr="user" hash="" />
	<clientapi apiName="pay" entryNodeNbr="pay" hash="" />
	<clientapi apiName="update_pwd" entryNodeNbr="user" hash="#!user/updatePassword/true"/>
	<clientapi apiName="login_game" entryNodeNbr="user" hash="#!sso/oldAcc"/>
	<clientapi apiName="register" entryNodeNbr="user" hash="#!user/register"/>
	<clientapi apiName="alpha_code" entryNodeNbr="game" hash="#!game/validCode/"/>
	<clientapi apiName="game_not_open" entryNodeNbr="game" hash="#!game/notOpen"/>
	<clientapi apiName="agreement" entryNodeNbr="user" hash="#!user/agreement"/>
	<clientapi apiName="forget_pwd" entryNodeNbr="jars" hash="" />
	<clientapi apiName="user_center" entryNodeNbr="widget" hash="" />
	<clientapi apiName="strategy" entryNodeNbr="general" hash="" />
</project>

<project nbr="AHorizontalForSG" enable="true" packTime="201405301655" resFlag="SG">
	<node nbr="common" ver="130902114255" entry=""/>
	<node nbr="general" ver="130629144038" entry=""/>
	<node nbr="game" ver="130829164920" entry="game.html"/>
	<node nbr="pay"  ver="130716142151" entry="start.html"/>
	<node nbr="user" ver="130902145231" entry="user.html"/>
	<node nbr="bbs" ver="130627193320" entry="bbs.html"/>
	<node nbr="feedback" ver="130528182436" entry="feedback.html"/>
	<node nbr="conf" ver="140126180924" entry=""/>
	<node nbr="secrecy" ver="130528182651" entry="secrecy.html" />
    <node nbr="vip" ver="130131105551" entry="http://vip.9game.cn/member/sdkOpen" />
	<node nbr="codecenter" ver="130829194828" entry="codecenter.html"/>
	<node nbr="jars" ver="140126181025" entry="https://account.sogou.com/web/findpwd"/>
	<node nbr="widget" ver="131225194332" entry="https://account.sogou.com/static/agreement.html"/>
		
	<clientapi apiName="login" entryNodeNbr="user" hash="" />
	<clientapi apiName="pay" entryNodeNbr="pay" hash="" />
	<clientapi apiName="user_center" entryNodeNbr="user" hash="#!user"/>
	<clientapi apiName="update_pwd" entryNodeNbr="user" hash="#!user/updatePassword/true"/>
	<clientapi apiName="login_game" entryNodeNbr="user" hash="#!sso/oldAcc"/>
	<clientapi apiName="register" entryNodeNbr="user" hash="#!user/register"/>
	<clientapi apiName="alpha_code" entryNodeNbr="game" hash="#!game/validCode/"/>
	<clientapi apiName="game_not_open" entryNodeNbr="game" hash="#!game/notOpen"/>
	<clientapi apiName="forget_pwd" entryNodeNbr="jars" hash="" />
	<clientapi apiName="agreement" entryNodeNbr="widget" hash="" />
</project>

<project nbr="AHorizontal333" enable="true" packTime="201405301655" resFlag="UC" default="true">
	<node nbr="common" ver="140403135610" entry=""/>
	<node nbr="general" ver="140403140049" entry=""/>
	<node nbr="game" ver="140403135737" entry="game.html"/>
	<node nbr="pay"  ver="140327102744" entry="start.html"/>
	<node nbr="user" ver="140403135304" entry="user_landscape.html"/>
	<node nbr="bbs" ver="140403135432" entry="bbs.html"/>
	<node nbr="feedback" ver="140404140013" entry="feedback.html"/>
	<node nbr="conf" ver="140403135650" entry=""/>
	<node nbr="secrecy" ver="140403143153" entry="secrecy.html" />
    <node nbr="vip" ver="140404120043" entry="http://vip.9game.cn/member/sdkOpen" />
	<node nbr="codecenter" ver="140403135534" entry="codecenter.html"/>
	<node nbr="jars" ver="140408183841" entry=""/>
	<node nbr="widget" ver="140404120402" entry=""/>
	
	<clientapi apiName="login" entryNodeNbr="user" hash="" />
	<clientapi apiName="pay" entryNodeNbr="pay" hash="" />
	<clientapi apiName="user_center" entryNodeNbr="user" hash="#!user"/>
	<clientapi apiName="update_pwd" entryNodeNbr="user" hash="#!user/updatePassword/true"/>
	<clientapi apiName="login_game" entryNodeNbr="user" hash="#!sso/oldAcc"/>
	<clientapi apiName="register" entryNodeNbr="user" hash="#!user/register"/>
	<clientapi apiName="alpha_code" entryNodeNbr="game" hash="#!game/validCode/"/>
	<clientapi apiName="game_not_open" entryNodeNbr="game" hash="#!game/notOpen"/>
	<clientapi apiName="forget_pwd" entryNodeNbr="user" hash="#!findPassword/passwordRetake/messageRetake"/>
	<clientapi apiName="agreement" entryNodeNbr="user" hash="#!user/agreement"/>
	
	<clientapiForUrl apiName="strategy" url="http://a.9game.cn/sdk/list.html"/>
	<clientapiForUrl apiName="prepay" url="https://paycenter.uc.cn/game/campaign/preRecharge.htm"/>
</project>

<project nbr="AHorizontalForSYB2" enable="true" packTime="201405301655" resFlag="SYB">
	<node nbr="common" ver="140403135610" entry=""/>
	<node nbr="general" ver="140403140049" entry=""/>
	<node nbr="game" ver="140403135737" entry="game.html"/>
	<node nbr="pay"  ver="140403141219" entry="start.html"/>
	<node nbr="user" ver="140403135304" entry="user_landscape.html"/>
	<node nbr="bbs" ver="140403140901" entry="http://sdk.g.uc.cn/public/syb/transitbbs.html"/>
	<node nbr="feedback" ver="140403141133" entry="http://sjyx8.cn/igame/"/>
	<node nbr="conf" ver="140403141350" entry=""/>
	<node nbr="secrecy" ver="140403143153" entry="secrecy.html" />
    <node nbr="vip" ver="131127120036" entry="http://vip.9game.cn/member/sdkOpen" />
	<node nbr="codecenter" ver="140403141050" entry="codecenter.html"/>
	<node nbr="jars" ver="140403142050" entry=""/>
	<node nbr="widget" ver="140403142133" entry=""/>
	
	<clientapi apiName="login" entryNodeNbr="user" hash="" />
	<clientapi apiName="pay" entryNodeNbr="pay" hash="" />
	<clientapi apiName="user_center" entryNodeNbr="user" hash="#!user"/>
	<clientapi apiName="update_pwd" entryNodeNbr="user" hash="#!user/updatePassword/true"/>
	<clientapi apiName="login_game" entryNodeNbr="user" hash="#!sso/oldAcc"/>
	<clientapi apiName="register" entryNodeNbr="user" hash="#!user/register"/>
	<clientapi apiName="alpha_code" entryNodeNbr="game" hash="#!game/validCode/"/>
	<clientapi apiName="game_not_open" entryNodeNbr="game" hash="#!game/notOpen"/>
	<clientapi apiName="forget_pwd" entryNodeNbr="user" hash="#!findPassword/passwordRetake/messageRetake"/>
	<clientapi apiName="agreement" entryNodeNbr="user" hash="#!user/agreement"/>
	
	<clientapiForUrl apiName="strategy" url="http://a.9game.cn/sdk/list.html"/>
</project>

<project nbr="AHorizontalForTY" enable="true" packTime="201405301655" resFlag="TY">
	<node nbr="common" ver="140403135610" entry=""/>
	<node nbr="general" ver="140403140049" entry=""/>
	<node nbr="game" ver="140403135737" entry="game.html"/>
	<node nbr="pay"  ver="140327102744" entry="start.html"/>
	<node nbr="user" ver="140403135304" entry="user_landscape.html"/>
	<node nbr="bbs" ver="140403135432" entry="bbs.html"/>
	<node nbr="feedback" ver="140404140013" entry="feedback.html"/>
	<node nbr="conf" ver="140403135650" entry=""/>
	<node nbr="secrecy" ver="140403143153" entry="secrecy.html" />
    <node nbr="vip" ver="140404120043" entry="http://vip.9game.cn/member/sdkOpen" />
	<node nbr="codecenter" ver="140403135534" entry="codecenter.html"/>
	<node nbr="jars" ver="140408183841" entry=""/>
	<node nbr="widget" ver="140404120402" entry=""/>
	
	<clientapi apiName="login" entryNodeNbr="user" hash="" />
	<clientapi apiName="pay" entryNodeNbr="pay" hash="" />
	<clientapi apiName="user_center" entryNodeNbr="user" hash="#!user"/>
	<clientapi apiName="update_pwd" entryNodeNbr="user" hash="#!user/updatePassword/true"/>
	<clientapi apiName="login_game" entryNodeNbr="user" hash="#!sso/oldAcc"/>
	<clientapi apiName="register" entryNodeNbr="user" hash="#!user/register"/>
	<clientapi apiName="alpha_code" entryNodeNbr="game" hash="#!game/validCode/"/>
	<clientapi apiName="game_not_open" entryNodeNbr="game" hash="#!game/notOpen"/>
	<clientapi apiName="forget_pwd" entryNodeNbr="user" hash="#!findPassword/passwordRetake/messageRetake"/>
	<clientapi apiName="agreement" entryNodeNbr="user" hash="#!user/agreement"/>
	
	<clientapiForUrl apiName="strategy" url="http://a.9game.cn/sdk/list.html"/>
</project>

