{
    "backgroundImage":"conf/t_bg.9.png",  
    "width": -1, 
    "visiblePattern":[
          
            ],
    "menuItems":[                                   
        {
            "marginLeft":5,                              
            "marginRight":5,                             
            "defaultIcon":"conf/accountBottom.png",            
            "selectedBackgroundIcon":"conf/bottomSelectedIcon.9.png",                
            "title":"账户",                               
            "titleFontSize":10,                           
            "defaultFontColor":-7960954,                
            "selectedFontColor":-1,                 
            "action":{                                    
                 "business":"user_center",
                 "menuStat":"A_center_account_b"                        
            },
            "bubble":{                                    
                "borderColor":0xFFFF0000,                   
                "backgroundColor":0xFFFF0000,               
                "fontColor":-1,                     
                "fontSize":10,  
                "service":""  
            }
        },
		{
            "marginLeft":5,                              
            "marginRight":5,                             
            "defaultIcon":"conf/giftBottom.png", 
            "selectedBackgroundIcon":"conf/bottomSelectedIcon.9.png",                
            "title":"礼包",                               
            "titleFontSize":10,                           
            "defaultFontColor":-7960954,                
            "selectedFontColor":-1,                 
            "action":{                                    
                 "business":"codecenter",
                 "menuStat":"A_center_codecenter_b"                 
            },
            "bubble":{                                    
                "borderColor":0xFFFF0000,                   
                "backgroundColor":0xFFFF0000,               
                "fontColor":-1,                     
                "fontSize":10,  
                "service":""  
            }
        },
        {
            "marginLeft":5,                              
            "marginRight":5,                             
            "defaultIcon":"conf/fourmBottom.png", 
            "selectedBackgroundIcon":"conf/bottomSelectedIcon.9.png",                 
            "title":"论坛",                               
            "titleFontSize":10,
            "defaultFontColor":-7960954,                
            "selectedFontColor":-1,                 
            "action":{                                    
                 "business":"bbs",
                 "menuStat":"A_center_bbs_b"                        
            },
            "bubble":{                                    
                "borderColor":0xFFFF0000,                   
                "backgroundColor":0xFFFF0000,               
                "fontColor":-1,                     
                "fontSize":10,  
                "service":""  
            }
        },
        {
            "marginLeft":5,                              
            "marginRight":5,                             
            "defaultIcon":"conf/strategyBottom.png",
            "selectedBackgroundIcon":"conf/bottomSelectedIcon.9.png",                   
            "title":"攻略",                               
            "titleFontSize":10,                    
            "defaultFontColor":-7960954,                
            "selectedFontColor":-1,                  
            "action":{                                    
                 "business":"strategy",
                 "menuStat":"A_center_gameexp_b"                        
            },
            "bubble":{                                    
                "borderColor":0xFFFF0000,                   
                "backgroundColor":0xFFFF0000,               
                "fontColor":-1,                     
                "fontSize":10,  
                "service":""  
            }
        },
        {
            "marginLeft":5,                              
            "marginRight":5,                             
            "defaultIcon":"conf/helpBottom.png", 
            "selectedBackgroundIcon":"conf/bottomSelectedIcon.9.png",                  
            "title":"帮助",                               
            "titleFontSize":10,
            "defaultFontColor":-7960954,                
            "selectedFontColor":-1,                  
            "action":{                                    
                 "business":"feedback",
                 "menuStat":"A_center_help_b"                 
            },
            "bubble":{                                    
                "borderColor":0xFFFF0000,                   
                "backgroundColor":0xFFFF0000,               
                "fontColor":-1,                     
                "fontSize":10,  
                "service":""
            }
        }
    ]
}