{
    "leftBackgroundImage":"conf/floatMenuLeftBackground.9.png",
    "rightBackgroundImage":"conf/floatMenuRightBackground.9.png",
    "width":-2,
    "menuItems":[
        {
            "marginLeft":10,
            "marginRight":10,
            "defaultIcon":"conf/account.png",
            "selectedBackgroundIcon":"conf/selectedBackgroundIcon.9.png",
            "title":"账户",
            "titleFontSize":10,
            "defaultFontColor":-1,
            "action":{
                "business":"user_center",
                "menuStat":"A_float_account_b"
            },
            "bubble":{
                "borderColor":0xFFFF0000,
                "backgroundColor":0xFFFF0000,
                "fontColor":-1,
                "fontSize":10,
                "service":""
            }
        },
        {
            "marginLeft":10,
            "marginRight":10,
            "defaultIcon":"conf/home.png",
            "selectedBackgroundIcon":"conf/selectedBackgroundIcon.9.png",
            "title":"首页",
            "titleFontSize":10,
            "defaultFontColor":-1,
            "action":{
                "business":"feedback",
                "menuStat":"A_float_feedback_b"
            },
            "bubble":{
                "borderColor":0xFFFF0000,
                "backgroundColor":0xFFFF0000,
                "fontColor":-1,
                "fontSize":10,
                "service":""
            }
        },
        {
            "marginLeft":10,
            "marginRight":10,
            "defaultIcon":"conf/forum.png",
            "selectedBackgroundIcon":"conf/selectedBackgroundIcon.9.png",
            "title":"论坛",
            "titleFontSize":10,
            "defaultFontColor":-1,
            "action":{
                "business":"bbs",
                "menuStat":"A_float_bbs_b"
            },
           "bubble":{
                "borderColor":0xFFFF0000,
                "backgroundColor":0xFFFF0000,
                "fontColor":-1,
                "fontSize":10,
                "service":""
            }
        }
    ]
}